17.675,22.69,26.29,29.68,32.23,34.14,35.52,-0.66,-0.87,-0.83,-0.72,-0.62,-0.61,17.115,-4.7,-4.5,-4.2,293.25,292.5,99.75,106.25,139.5,158.0,38.71,10.84,18.5,17.79,21.96,25.74,29.12,31.68,33.62,34.98,-0.48,-0.83,-0.92,-0.9,-0.67,-0.68,16.53,-4.7,-4.5,-4.2,287.0,285.75,91.0,101.0,132.75,151.75,33.62,10.84,15.17,21.1,24.22,27.26,30.32,32.69,34.32,35.45,-0.57,-0.74,-0.89,-0.73,-0.64,-0.65,18.77,-4.65,-4.5,-4.2,301.75,300.75,100.5,109.5,142.25,163.0,24.71,11.74,18.53,23.55,26.75,29.14,31.79,33.84,35.27,36.26,-0.65,-0.55,-0.43,-0.18,0.02,0.0,21.29,-4.7,-4.0,-4.0,305.5,304.25,110.5,119.0,163.0,184.0,22.8,12.64,12.13,24.04,26.8,29.39,31.99,33.91,35.24,36.13,-0.74,-0.62,-0.22,0.26,0.63,0.66,21.36,-3.5,-3.5,-3.5,307.75,305.75,104.75,119.5,159.25,180.75,19.61,13.09,11.22
50.49,50.42,49.54,49.44,49.43,49.56,49.7,-1.18,-0.85,-0.85,-0.99,-1.14,-1.24,47.025,-1.95,-1.85,-2.0,440.5,439.75,241.25,241.0,404.0,401.5,8.66,7.22,8.29,52.265,51.82,51.26,51.26,51.29,51.44,51.6,-1.54,-1.16,-1.1,-1.22,-1.35,-1.44,48.55,-2.05,-1.8,-2.0,444.75,444.0,248.75,246.75,412.75,410.0,8.21,7.22,8.29,54.945,54.68,54.05,54.0,53.95,54.0,54.07,-1.46,-1.07,-1.05,-1.17,-1.31,-1.4,50.99,-2.05,-1.8,-2.0,468.0,467.0,265.0,257.75,439.0,436.0,8.15,7.22,8.29,56.17,55.7,55.02,55.0,54.91,54.94,54.99,-1.33,-1.02,-1.01,-1.12,-1.28,-1.39,52.22,-2.0,-1.9,-2.05,485.25,484.25,266.25,260.75,455.75,452.25,7.77,8.13,8.29,55.975,55.61,55.07,55.03,54.94,55.0,55.05,-1.29,-1.01,-1.01,-1.16,-1.31,-1.39,52.6,-1.9,-2.15,-2.3,484.75,484.25,268.0,264.25,458.25,454.5,8.02,9.48,8.29
56.67,58.08,56.62,56.42,56.26,56.0,55.82,-1.05,-1.16,-1.36,-1.42,-1.54,-1.64,55.195,-1.4,-1.9,-1.9,500.0,501.0,255.0,249.25,483.0,473.25,9.93,9.03,11.22,57.765,58.69,57.57,57.16,56.82,56.43,56.16,-0.96,-0.99,-1.17,-1.24,-1.39,-1.53,56.105,-1.45,-2.05,-2.05,508.25,509.25,263.25,256.25,494.75,482.5,10.7,9.03,11.7,59.43,60.0,59.09,58.51,58.01,57.49,57.1,-0.98,-1.03,-1.14,-1.21,-1.43,-1.56,57.405,-2.0,-2.0,-2.0,522.5,523.25,270.75,267.25,503.0,492.0,11.21,11.29,11.22,59.275,59.9,59.18,58.63,58.16,57.66,57.27,-0.89,-1.0,-1.17,-1.29,-1.51,-1.68,57.295,-2.05,-2.05,-2.4,524.0,524.75,262.5,259.5,490.75,483.5,11.21,12.19,11.22,59.83,60.41,59.65,59.01,58.41,57.82,57.39,-0.59,-0.75,-0.93,-1.11,-1.36,-1.57,58.21,-1.85,-1.85,-2.2,533.5,535.75,269.75,264.75,494.25,485.25,12.74,11.96,13.17
66.765,66.0,65.3,64.7,64.11,63.49,62.96,-0.98,-1.19,-1.41,-1.64,-1.74,-1.85,61.83,-3.18,-3.23,-3.38,613.25,614.0,246.5,248.25,531.25,530.25,16.46,17.88,15.45,68.37,68.38,66.61,65.92,65.32,64.73,64.13,-0.83,-1.03,-1.25,-1.47,-1.58,-1.7,62.44,-3.6,-3.65,-3.8,620.75,621.25,252.75,251.0,538.5,537.0,15.59,17.88,14.45,69.365,68.16,66.88,66.14,65.53,64.94,64.33,-0.7,-0.86,-1.1,-1.31,-1.44,-1.56,62.89,-2.75,-2.8,-2.95,624.75,624.75,248.5,250.0,547.5,544.75,15.53,18.34,14.45,68.63,66.83,65.79,65.1,64.52,63.96,63.38,-0.44,-0.74,-1.02,-1.28,-1.4,-1.53,63.175,-2.2,-2.25,-2.4,613.0,614.5,240.25,241.75,550.0,543.25,14.99,17.88,14.45,67.835,66.26,65.32,64.64,64.11,63.58,63.02,-0.47,-0.78,-1.1,-1.4,-1.53,-1.68,62.68,-2.15,-2.2,-2.4,609.75,611.75,243.25,245.75,542.25,537.25,14.82,14.67,14.45
62.98,62.5,61.02,60.36,59.88,59.5,59.16,-0.59,-1.28,-1.62,-1.92,-2.07,-2.18,59.22,-1.9,-2.0,-2.3,571.5,571.25,175.0,175.0,532.0,514.75,13.08,11.92,12.5,64.795,63.33,62.68,62.02,61.53,61.13,60.76,-0.56,-1.26,-1.62,-1.91,-2.06,-2.14,60.93,-1.72,-1.82,-2.12,586.5,586.25,185.75,186.75,553.5,535.75,13.52,11.92,12.04,64.975,63.69,62.61,61.9,61.4,61.0,60.63,-0.72,-1.35,-1.7,-2.0,-2.19,-2.27,61.135,-1.8,-1.9,-2.2,586.75,586.75,194.5,194.75,552.25,531.25,13.95,11.92,12.5,65.01,63.87,62.87,62.22,61.72,61.32,60.95,-0.75,-1.39,-1.7,-2.0,-2.18,-2.34,61.85,-1.95,-2.1,-2.4,590.0,589.75,196.25,196.75,552.5,533.5,13.63,11.69,12.5,64.575,63.47,62.41,61.67,61.19,60.8,60.44,-0.72,-1.35,-1.75,-2.1,-2.28,-2.37,61.62,-1.34,-1.9,-2.32,583.0,582.5,194.25,193.75,540.25,521.75,13.08,13.3,12.27
59.22,60.16,59.33,58.62,58.06,57.64,57.31,-1.13,-1.75,-2.22,-2.52,-2.64,-2.67,59.715,-0.15,-1.3,-1.5,565.75,565.5,236.75,212.0,500.5,485.75,11.99,7.34,13.64,60.105,60.86,60.42,59.77,59.27,58.89,58.59,-1.13,-1.78,-2.27,-2.57,-2.67,-2.68,60.165,-0.2,-1.0,-1.3,581.75,580.75,216.25,205.75,515.25,500.0,12.43,7.57,14.54,61.095,61.82,61.47,60.89,60.44,60.05,59.73,-1.19,-1.88,-2.34,-2.58,-2.66,-2.69,60.975,-0.4,-1.4,-1.6,591.5,590.75,216.25,210.25,515.75,505.0,12.43,8.25,14.54,61.88,61.79,61.5,60.94,60.47,60.06,59.71,-1.31,-1.94,-2.39,-2.61,-2.65,-2.65,60.36,-0.65,-1.55,-1.7,598.0,596.0,228.75,214.5,509.25,496.75,13.08,11.0,14.45,61.59,61.49,61.22,60.71,60.24,59.84,59.51,-1.36,-1.93,-2.37,-2.57,-2.61,-2.58,59.97,-1.05,-1.45,-1.75,600.5,597.5,229.0,214.5,505.25,495.5,13.95,11.0,15.77
60.91,60.83,60.17,59.38,58.81,58.4,58.07,-1.2,-1.67,-2.21,-2.75,-2.89,-3.0,57.455,-2.21,-2.26,-2.51,587.75,589.0,294.5,258.0,485.0,476.25,8.94,12.38,8.32,62.575,62.3,61.38,60.52,59.88,59.42,59.04,-1.11,-1.61,-2.18,-2.72,-2.83,-2.88,59.03,-2.15,-2.2,-2.45,599.75,599.75,326.75,270.0,491.75,483.25,8.5,11.92,8.32,62.145,61.75,60.77,59.93,59.31,58.87,58.53,-0.98,-1.54,-2.16,-2.71,-2.81,-2.88,58.645,-2.35,-2.4,-2.65,591.5,592.5,385.0,303.25,484.0,475.25,8.07,10.09,8.32,62.285,62.08,61.1,60.2,59.55,59.1,58.75,-1.08,-1.58,-2.16,-2.68,-2.76,-2.81,58.94,-2.25,-2.3,-2.55,594.5,595.0,358.0,289.25,484.75,475.0,6.98,10.09,8.32,64.03,63.77,62.75,61.75,61.08,60.59,60.21,-1.24,-1.67,-2.27,-2.74,-2.8,-2.85,61.69,-1.65,-2.15,-2.45,603.75,604.5,339.5,283.0,499.25,489.0,7.3,9.63,8.11
59.17,60.38,58.7,57.97,57.47,57.18,56.98,-1.05,-1.39,-1.71,-2.16,-2.48,-2.66,57.83,-1.15,-1.6,-3.0,562.0,561.75,272.0,265.25,436.75,438.5,6.32,5.27,6.36,60.51,60.64,60.12,59.47,59.02,58.75,58.56,-1.04,-1.41,-1.76,-2.23,-2.54,-2.68,59.42,-1.1,-1.6,-3.35,571.75,571.75,286.25,278.5,451.25,453.0,6.54,5.27,6.36,60.455,60.67,60.14,59.47,59.01,58.73,58.55,-1.06,-1.4,-1.74,-2.17,-2.48,-2.61,59.69,-1.0,-1.55,-3.3,570.0,570.25,288.5,281.75,452.0,453.75,6.76,5.27,6.79,58.37,58.74,58.21,57.59,57.16,56.91,56.75,-0.93,-1.32,-1.72,-2.2,-2.51,-2.66,57.69,-0.7,-1.1,-2.9,553.5,554.25,288.5,279.25,435.5,437.0,6.76,5.27,6.79,58.745,58.97,58.45,57.84,57.38,57.11,56.94,-1.02,-1.45,-1.84,-2.33,-2.67,-2.79,58.055,-0.7,-1.1,-2.9,556.0,556.5,286.75,275.0,439.75,441.25,6.98,5.27,6.82
63.91,65.16,64.9,64.41,63.95,63.55,63.29,-1.38,-1.68,-2.08,-2.52,-2.92,-3.15,65.24,0.1,-0.6,-1.2,599.75,601.25,379.0,371.0,503.0,502.25,4.09,5.27,6.57,63.05,63.98,63.91,63.47,63.03,62.66,62.43,-1.48,-1.72,-2.09,-2.52,-2.9,-3.11,64.105,0.1,-0.55,-1.05,590.0,591.5,367.75,361.0,496.0,495.25,4.09,5.04,6.57,62.455,63.48,63.4,62.98,62.56,62.23,62.03,-1.45,-1.64,-2.0,-2.43,-2.79,-3.03,63.32,-0.15,-0.65,-1.15,584.25,586.0,361.75,354.5,491.5,490.75,4.09,5.5,6.57,62.28,63.15,63.01,62.63,62.22,61.91,61.73,-1.36,-1.69,-2.07,-2.51,-2.87,-3.09,62.955,0.0,-0.6,-1.1,581.25,583.25,359.75,352.75,489.0,488.0,4.03,5.5,6.57,63.425,63.69,63.59,63.2,62.8,62.47,62.27,-1.32,-1.59,-1.97,-2.38,-2.72,-2.95,63.305,0.0,-0.6,-1.1,585.75,587.5,358.75,351.75,495.5,494.25,4.03,5.5,6.57
66.145,66.75,65.61,65.21,64.91,64.62,64.37,-1.87,-1.94,-2.06,-2.19,-2.38,-2.51,64.07,-1.46,-1.25,-1.1,593.5,594.75,387.75,381.75,514.0,511.5,5.01,5.5,6.82,66.1,66.33,65.48,65.09,64.81,64.54,64.31,-1.65,-1.86,-2.05,-2.23,-2.4,-2.51,63.74,-1.1,-1.05,-1.05,592.75,594.25,383.5,378.25,514.0,511.5,5.23,5.5,7.04,66.685,66.4,65.57,65.18,64.9,64.66,64.45,-1.74,-1.93,-2.11,-2.29,-2.48,-2.61,63.725,-0.95,-1.05,-1.05,598.0,599.25,381.75,374.0,513.25,510.75,5.45,5.96,7.04,65.97,65.44,64.62,64.2,63.91,63.68,63.48,-1.8,-1.94,-2.09,-2.28,-2.46,-2.58,62.695,-0.95,-1.05,-1.05,587.25,588.75,371.0,365.0,500.25,497.75,5.45,5.96,7.23,64.91,64.28,63.58,63.18,62.91,62.69,62.5,-1.83,-1.98,-2.15,-2.33,-2.5,-2.63,61.62,-1.4,-1.45,-1.4,578.0,579.75,370.25,360.25,493.5,491.0,5.45,5.96,7.23
65.61,64.77,63.6,62.76,62.27,61.95,61.71,-1.0,-1.47,-1.68,-1.91,-2.07,-2.21,63.64,-0.55,-0.85,-0.95,576.75,576.75,367.25,362.25,485.75,482.25,4.36,6.88,7.02,68.16,67.43,66.03,65.24,64.7,64.34,64.07,-1.25,-1.72,-1.81,-2.0,-2.13,-2.25,66.125,-0.57,-0.85,-0.95,597.25,597.0,374.75,370.25,508.25,504.75,4.36,6.65,7.02,69.38,68.81,67.26,66.4,65.81,65.44,65.15,-1.41,-1.85,-1.87,-2.0,-2.09,-2.19,67.28,-0.6,-0.85,-0.95,606.0,605.75,379.75,373.25,518.0,517.25,4.47,6.65,7.27,70.425,69.71,68.31,67.38,66.69,66.26,65.93,-1.51,-1.84,-1.84,-1.92,-2.03,-2.12,68.415,-0.6,-0.85,-0.95,617.75,617.5,382.75,376.5,528.0,527.75,4.47,6.88,7.02,68.495,67.76,66.64,65.73,65.07,64.63,64.3,-1.71,-1.85,-1.85,-1.89,-1.97,-2.07,66.72,-0.6,-0.85,-0.95,604.75,604.5,374.25,370.5,511.75,511.25,4.58,6.65,7.02
72.45,72.91,72.22,71.59,71.05,70.55,70.15,-0.51,-0.82,-1.13,-1.28,-1.39,-1.51,72.815,0.2,0.0,-0.1,638.0,638.0,413.5,414.25,576.25,574.0,4.47,8.25,7.04,71.59,71.97,71.46,70.85,70.31,69.82,69.44,-0.59,-0.91,-1.22,-1.34,-1.45,-1.56,71.98,0.4,0.1,0.0,629.25,628.75,412.0,411.5,574.5,569.0,4.8,7.57,7.04,71.2,71.89,71.17,70.51,69.95,69.45,69.06,-0.81,-1.05,-1.29,-1.37,-1.47,-1.58,71.505,0.4,0.1,0.1,622.0,622.0,407.5,407.5,571.75,568.25,4.85,7.34,7.04,74.31,75.04,74.3,73.63,73.04,72.5,72.04,-0.88,-1.13,-1.39,-1.47,-1.52,-1.61,74.5,0.25,0.1,0.1,645.25,645.5,429.25,428.25,594.75,592.0,4.85,6.88,7.27,73.735,74.41,73.7,73.11,72.59,72.11,71.71,-0.88,-1.12,-1.36,-1.44,-1.52,-1.61,73.705,-0.05,0.05,0.05,643.25,644.0,425.75,422.0,588.0,585.75,4.91,6.88,7.68
67.99,68.4,67.63,67.24,66.95,66.72,66.5,-0.59,-0.6,-0.76,-0.96,-1.05,-1.18,67.52,0.2,0.1,0.0,603.5,604.75,402.5,401.75,537.5,536.0,5.24,5.98,5.91,66.52,67.13,66.51,66.17,65.94,65.73,65.54,-0.42,-0.48,-0.67,-0.88,-0.98,-1.11,66.185,0.25,0.05,0.0,598.0,599.0,397.75,395.75,528.0,526.0,5.24,5.98,5.91,67.68,67.95,67.32,66.96,66.72,66.51,66.31,-0.43,-0.46,-0.66,-0.88,-0.97,-1.12,67.125,0.1,0.03,0.0,606.5,607.75,398.75,398.0,541.75,537.25,5.35,5.98,5.45,67.73,67.8,67.36,67.05,66.81,66.61,66.43,-0.35,-0.42,-0.6,-0.82,-0.94,-1.09,66.79,-0.2,-0.1,-0.1,607.0,608.75,396.5,396.0,549.0,542.75,5.46,6.9,5.91,67.005,67.19,66.81,66.54,66.31,66.15,65.99,-0.29,-0.36,-0.52,-0.75,-0.87,-1.03,65.965,-0.15,-0.1,-0.1,605.0,606.0,390.25,390.5,541.75,538.25,5.68,6.9,5.91
65.065,65.97,66.31,66.34,66.22,66.16,66.08,-0.34,-0.53,-0.7,-0.91,-1.13,-1.29,65.03,-0.6,-0.7,-0.7,624.25,623.0,400.25,399.25,522.75,520.25,7.2,8.74,7.23,65.375,66.49,66.66,66.66,66.54,66.47,66.37,-0.38,-0.57,-0.73,-0.95,-1.16,-1.29,65.515,-0.45,-0.6,-0.6,622.5,621.5,399.5,398.25,527.0,524.75,6.99,8.74,7.23,64.405,65.3,65.43,65.41,65.29,65.24,65.16,-0.44,-0.61,-0.75,-0.97,-1.2,-1.35,64.365,-0.45,-0.6,-0.6,614.5,613.75,390.75,390.0,514.5,511.5,6.88,9.43,7.23,64.155,64.82,64.98,64.94,64.79,64.71,64.63,-0.35,-0.55,-0.69,-0.91,-1.14,-1.3,63.91,-0.5,-0.6,-0.6,606.5,605.5,384.0,382.25,507.0,504.0,6.77,9.66,7.23,67.065,67.16,67.28,67.19,67.01,66.89,66.76,-0.26,-0.44,-0.56,-0.77,-0.98,-1.13,66.375,-0.4,-0.57,-0.6,621.75,621.0,400.75,399.25,526.25,524.0,6.77,9.66,7.45
62.195,62.19,62.21,62.28,62.33,62.28,62.23,-0.35,-0.67,-1.0,-1.23,-1.44,-1.56,61.64,0.0,-0.4,-0.45,585.5,584.25,369.5,368.25,483.5,483.25,5.46,8.05,8.54,62.345,62.26,62.1,62.16,62.21,62.15,62.1,-0.39,-0.69,-1.03,-1.24,-1.44,-1.55,61.795,-0.05,-0.45,-0.5,579.0,577.75,369.75,367.75,480.75,481.0,5.57,8.97,8.54,61.4,61.33,61.21,61.29,61.36,61.32,61.3,-0.5,-0.8,-1.12,-1.31,-1.5,-1.63,60.765,-0.29,-0.55,-0.6,571.75,571.25,363.75,361.75,466.0,468.25,5.62,8.97,8.54,59.705,59.72,59.6,59.71,59.81,59.82,59.84,-0.46,-0.76,-1.11,-1.36,-1.56,-1.68,59.18,-0.1,-0.42,-0.48,554.75,554.5,349.5,347.5,450.75,453.0,5.78,8.97,8.54,61.495,61.4,61.37,61.49,61.59,61.59,61.59,-0.55,-0.86,-1.21,-1.44,-1.63,-1.76,61.035,-0.15,-0.48,-0.48,567.25,567.5,358.5,358.0,462.5,468.75,5.89,9.2,8.54
50.21,51.62,52.1,52.36,52.69,52.96,53.16,-1.28,-1.57,-1.83,-2.12,-2.35,-2.49,51.225,-0.05,-0.6,-0.6,490.25,490.25,286.5,286.75,422.25,420.25,6.25,12.78,13.6,51.585,53.07,53.5,53.72,54.06,54.32,54.51,-1.38,-1.63,-1.87,-2.13,-2.34,-2.48,52.71,-0.05,-0.6,-0.6,504.75,503.5,297.25,296.75,436.75,434.0,6.44,12.78,13.6,51.23,52.83,53.09,53.33,53.63,53.92,54.16,-1.5,-1.7,-1.82,-2.08,-2.33,-2.47,52.355,-0.05,-0.6,-0.6,509.0,506.75,295.0,294.75,430.5,427.25,6.58,13.98,12.18,52.965,54.82,55.12,55.37,55.66,55.91,56.11,-1.71,-1.86,-1.93,-2.14,-2.32,-2.45,54.22,0.0,-0.8,-0.8,525.0,521.0,304.5,303.25,449.25,445.75,6.86,13.98,12.18,55.83,57.54,57.52,57.7,57.93,58.14,58.29,-1.71,-1.86,-1.97,-2.19,-2.37,-2.49,56.64,-0.4,-0.75,-0.75,543.5,538.0,315.5,313.5,463.5,460.0,6.86,13.98,10.96
57.3,58.7,58.8,58.99,59.18,59.39,59.57,-0.97,-1.45,-1.73,-1.88,-2.08,-2.22,57.605,-0.35,-0.8,-0.8,556.25,552.0,349.75,345.25,456.0,462.0,8.25,8.79,12.99,58.55,59.58,59.91,60.09,60.27,60.46,60.62,-0.9,-1.33,-1.62,-1.78,-1.95,-2.08,58.895,-0.45,-0.95,-0.95,566.0,561.5,352.5,348.0,459.0,465.25,8.06,8.19,12.99,58.355,59.57,59.84,60.05,60.22,60.4,60.56,-0.92,-1.48,-1.75,-1.92,-2.09,-2.21,58.915,-0.15,-0.6,-0.6,574.5,566.25,354.5,351.5,453.25,459.75,8.06,8.19,13.4,59.38,60.61,60.78,60.96,61.08,61.23,61.35,-1.22,-1.68,-1.82,-1.96,-2.09,-2.18,60.115,-0.1,-0.6,-0.6,596.0,578.5,363.25,360.0,460.0,466.75,7.88,7.99,14.21,59.605,60.77,60.88,61.02,61.18,61.36,61.51,-1.2,-1.62,-1.82,-1.96,-2.11,-2.17,60.215,-0.1,-0.6,-0.6,606.0,584.75,365.0,361.75,462.25,469.0,7.88,7.59,13.7
75.495,75.66,76.09,76.11,76.14,76.12,76.07,-1.52,-1.77,-1.92,-1.99,-2.01,-2.04,74.665,-0.65,-0.95,-0.95,714.0,707.5,450.25,447.0,601.75,602.0,8.25,8.99,9.99,75.835,76.16,76.29,76.29,76.29,76.24,76.16,-1.53,-1.77,-1.9,-1.96,-1.97,-1.98,74.345,-1.07,-1.0,-1.0,706.0,700.25,447.0,443.25,613.0,613.5,8.25,8.79,9.34,77.84,77.3,77.38,77.35,77.3,77.21,77.1,-1.55,-1.8,-1.93,-1.98,-2.0,-1.98,75.485,-1.03,-1.0,-1.0,714.75,709.25,456.5,451.5,620.25,622.75,7.23,8.79,9.2,77.64,77.02,77.04,76.98,76.9,76.78,76.67,-1.68,-1.93,-2.04,-2.1,-2.13,-2.13,75.07,-1.15,-1.1,-1.1,716.0,710.75,461.0,452.0,614.75,617.25,6.72,9.59,9.01,77.61,76.93,76.98,76.95,76.9,76.83,76.76,-1.68,-1.92,-2.05,-2.09,-2.09,-2.14,74.895,-1.4,-1.2,-1.2,710.75,706.5,459.25,447.75,617.75,621.5,6.35,9.59,8.61
83.645,82.79,82.87,82.35,81.93,81.63,81.34,-2.11,-2.34,-2.57,-2.78,-2.84,-2.9,81.375,-1.76,-1.38,-1.28,722.75,723.75,455.5,454.25,706.25,708.5,4.49,6.79,8.06,81.835,81.57,81.14,80.68,80.35,80.09,79.84,-2.15,-2.41,-2.68,-2.89,-2.96,-2.97,79.525,-1.6,-1.28,-1.28,711.5,712.25,446.25,444.25,691.0,691.25,4.45,7.19,7.68,81.72,81.59,81.01,80.53,80.17,79.91,79.66,-2.19,-2.44,-2.74,-2.96,-3.04,-3.07,79.42,-1.5,-1.3,-1.3,709.0,710.0,444.75,443.5,686.25,689.25,4.45,6.99,7.68,82.36,82.28,81.57,81.02,80.65,80.35,80.06,-2.27,-2.51,-2.84,-3.06,-3.12,-3.14,80.06,-1.4,-1.2,-1.2,712.25,713.25,446.25,444.75,690.5,693.25,4.35,6.99,7.68,80.905,80.81,80.17,79.7,79.36,79.11,78.85,-2.18,-2.45,-2.76,-2.99,-3.06,-3.1,78.635,-1.2,-1.3,-1.3,698.5,701.25,439.25,437.5,680.75,683.5,4.26,6.59,6.91
77.46,77.56,78.0,77.77,77.49,77.22,76.96,-1.99,-2.34,-2.64,-2.9,-3.08,-3.08,76.855,-0.65,-1.1,-1.35,689.5,690.75,429.25,427.5,673.5,671.75,4.26,5.54,6.67,76.885,77.46,77.71,77.53,77.28,77.04,76.79,-2.1,-2.51,-2.85,-3.11,-3.27,-3.28,76.505,-0.7,-1.15,-1.4,688.25,689.25,428.25,426.25,671.5,669.25,4.73,5.54,6.67,75.94,76.37,76.73,76.62,76.44,76.23,76.02,-2.06,-2.45,-2.77,-2.97,-3.1,-3.12,75.225,-0.9,-1.1,-1.4,683.5,684.25,424.75,422.25,663.25,659.75,4.91,5.73,6.67,75.99,76.53,76.83,76.7,76.51,76.29,76.06,-2.02,-2.35,-2.62,-2.79,-2.91,-2.9,75.435,-1.35,-1.35,-1.4,683.75,684.25,422.25,419.75,659.25,657.5,4.96,5.73,6.67,75.06,76.13,76.48,76.41,76.28,76.09,75.86,-1.79,-2.18,-2.5,-2.68,-2.81,-2.85,74.765,-1.35,-1.35,-1.4,678.5,679.5,421.5,419.25,654.0,654.75,4.96,6.3,6.67
74.46,74.39,74.77,74.95,74.99,74.93,74.79,-1.87,-2.05,-2.27,-2.34,-2.4,-2.41,72.555,-1.38,-1.78,-2.0,654.75,654.5,431.5,429.25,652.5,650.75,4.35,7.26,7.32,75.125,75.01,75.5,75.71,75.79,75.75,75.62,-1.87,-2.05,-2.3,-2.38,-2.45,-2.46,73.295,-1.35,-1.75,-2.0,661.75,662.5,436.5,433.5,661.75,660.0,4.35,8.4,7.32,74.93,74.73,75.24,75.48,75.56,75.55,75.45,-1.8,-1.98,-2.17,-2.24,-2.29,-2.28,72.94,-1.55,-1.9,-2.1,664.25,665.0,437.5,432.5,660.0,660.5,4.31,8.4,7.32,74.71,74.52,75.09,75.34,75.5,75.55,75.48,-1.8,-1.92,-2.16,-2.26,-2.28,-2.31,72.58,-1.7,-2.0,-2.15,662.75,663.75,435.25,430.0,656.0,656.5,4.26,8.4,6.91,73.98,73.87,74.3,74.57,74.71,74.76,74.69,-1.96,-2.16,-2.36,-2.44,-2.46,-2.46,71.83,-1.6,-1.9,-2.1,655.75,655.75,426.25,422.25,647.5,648.0,4.17,8.6,6.91
77.9,79.37,79.11,78.75,78.42,78.04,77.61,-2.77,-2.82,-2.86,-2.95,-2.96,-2.95,77.125,-1.45,-1.32,-1.47,675.75,675.5,443.25,443.0,661.25,660.75,4.45,6.11,6.67,75.74,77.6,77.39,77.1,76.81,76.46,76.06,-2.67,-2.79,-2.87,-2.95,-2.96,-2.94,75.155,-1.36,-1.2,-1.45,665.5,665.25,431.75,431.75,646.5,646.0,4.45,6.69,6.67,76.265,77.83,77.67,77.35,77.07,76.72,76.35,-2.64,-2.79,-2.9,-3.0,-3.03,-3.04,75.16,-1.55,-1.55,-1.65,665.75,665.5,432.25,432.75,646.25,645.75,4.59,6.69,6.67,73.68,75.07,74.93,74.6,74.32,73.98,73.66,-2.63,-2.72,-2.81,-2.9,-2.96,-3.0,72.305,-1.65,-1.5,-1.55,644.25,643.75,415.75,416.25,622.5,623.25,4.45,6.69,6.87,72.925,74.29,74.16,73.87,73.62,73.32,73.01,-2.66,-2.8,-2.92,-3.03,-3.09,-3.13,71.61,-1.8,-1.55,-1.55,642.75,642.75,410.75,411.0,619.5,620.0,4.35,7.26,6.46
76.47,77.64,77.89,77.58,77.16,76.79,76.41,-2.81,-3.09,-3.1,-3.1,-3.14,-3.16,75.82,-1.25,-1.1,-1.0,689.75,684.5,428.0,426.0,665.5,659.25,4.08,6.49,7.64,75.95,77.04,77.1,76.79,76.42,76.05,75.67,-2.73,-3.03,-3.09,-3.12,-3.16,-3.18,74.995,-1.3,-1.15,-0.9,690.25,684.5,421.25,421.0,661.75,657.5,4.08,6.69,7.85,76.425,76.4,76.42,76.08,75.72,75.38,75.04,-2.91,-3.11,-3.19,-3.22,-3.28,-3.34,74.675,-1.15,-1.05,-0.8,684.5,679.25,416.25,415.25,666.5,658.25,3.89,6.88,7.64,79.035,79.05,79.11,78.73,78.31,77.92,77.54,-3.12,-3.26,-3.24,-3.24,-3.27,-3.28,77.54,-0.95,-1.05,-0.8,703.0,698.25,430.0,428.5,690.75,681.75,3.71,6.88,7.64,78.8,78.99,79.11,78.73,78.31,77.94,77.57,-3.29,-3.39,-3.33,-3.31,-3.35,-3.36,77.31,-1.05,-1.0,-0.8,701.0,696.5,435.0,432.5,688.5,680.25,3.71,6.69,7.52
75.105,74.91,74.29,73.74,73.18,72.62,72.12,-3.11,-3.18,-3.13,-3.07,-3.03,-2.99,70.825,-2.95,-1.7,-1.3,656.0,654.0,388.0,388.25,636.0,630.25,3.71,5.16,6.91,74.445,74.57,73.68,73.14,72.58,72.03,71.54,-3.12,-3.19,-3.16,-3.08,-3.04,-3.02,70.54,-2.73,-1.6,-1.3,656.25,653.0,385.25,385.5,635.25,627.5,3.71,5.35,6.91,74.81,74.57,73.74,73.19,72.66,72.11,71.61,-3.18,-3.2,-3.16,-3.08,-3.03,-2.98,70.625,-2.6,-1.6,-1.3,658.5,656.25,382.75,383.5,629.25,622.75,3.71,5.16,6.67,73.995,73.71,72.94,72.41,71.9,71.38,70.9,-3.09,-3.13,-3.09,-3.02,-2.97,-2.95,69.865,-2.35,-1.5,-1.3,647.75,646.0,376.75,377.5,621.0,616.0,3.52,5.35,6.28,75.255,75.02,74.23,73.67,73.11,72.54,72.02,-3.16,-3.18,-3.12,-3.04,-2.97,-2.96,71.055,-2.35,-1.5,-1.3,654.0,652.25,378.5,379.25,628.0,622.25,3.61,5.73,6.08
67.315,69.11,68.26,67.81,67.37,66.95,66.56,-3.13,-2.83,-2.87,-2.89,-2.9,-2.89,65.94,-2.1,-1.6,-1.3,609.5,609.0,346.75,349.75,586.5,580.75,4.35,5.54,6.08,68.145,69.91,69.11,68.66,68.23,67.81,67.41,-3.12,-2.8,-2.85,-2.87,-2.87,-2.88,66.835,-2.05,-1.55,-1.25,617.75,617.75,352.5,355.0,593.75,587.75,4.35,5.54,6.46,68.61,70.13,69.49,69.03,68.57,68.12,67.7,-3.23,-2.85,-2.87,-2.88,-2.88,-2.88,67.25,-1.9,-1.6,-1.3,618.25,618.25,357.5,360.5,595.25,589.0,4.35,5.92,6.1,68.655,70.0,69.41,68.97,68.51,68.08,67.66,-3.17,-2.82,-2.87,-2.89,-2.88,-2.89,67.14,-1.75,-1.5,-1.2,612.25,612.5,358.25,361.0,593.75,587.25,4.31,5.92,5.69,68.95,70.09,69.43,68.97,68.52,68.09,67.67,-3.14,-2.81,-2.85,-2.86,-2.85,-2.84,67.465,-1.75,-1.5,-1.2,610.5,610.75,363.0,364.0,596.75,589.25,4.31,6.3,5.69
65.73,65.63,65.33,65.09,64.77,64.43,64.09,-3.22,-3.04,-2.96,-2.9,-2.86,-2.81,62.955,-2.1,-1.85,-1.7,575.5,576.75,342.5,344.75,562.0,558.25,3.52,6.49,5.28,67.175,66.97,66.81,66.54,66.23,65.89,65.54,-3.23,-3.05,-2.98,-2.93,-2.88,-2.8,64.35,-2.1,-1.85,-1.7,592.75,594.0,348.25,350.75,574.5,570.5,3.52,6.49,5.28,67.64,67.66,67.38,67.09,66.74,66.36,65.97,-3.18,-3.01,-2.89,-2.82,-2.75,-2.7,65.02,-1.85,-1.55,-1.45,597.5,598.25,352.5,354.25,574.75,571.5,3.61,6.11,5.28,66.375,66.95,66.65,66.35,66.02,65.64,65.24,-3.12,-2.96,-2.87,-2.8,-2.72,-2.68,64.305,-1.8,-1.5,-1.4,589.25,590.5,353.0,353.5,566.25,563.75,3.61,5.35,5.28,65.86,66.33,66.03,65.74,65.41,65.07,64.7,-3.08,-2.89,-2.76,-2.69,-2.62,-2.6,63.825,-1.75,-1.6,-1.5,582.25,584.75,351.75,351.75,560.75,558.75,3.61,5.35,5.28
68.09,68.76,68.3,67.98,67.67,67.33,66.98,-2.78,-2.76,-2.67,-2.6,-2.55,-2.55,67.305,-0.97,-1.15,-1.25,609.25,610.5,364.25,366.5,580.25,580.5,3.71,5.73,5.21,67.985,68.59,68.2,67.92,67.64,67.3,66.95,-2.77,-2.79,-2.73,-2.67,-2.62,-2.59,67.51,-0.85,-1.1,-1.25,610.5,611.25,361.5,362.25,579.0,579.25,3.71,6.11,5.4,68.59,69.22,68.9,68.62,68.32,67.98,67.63,-2.85,-2.84,-2.78,-2.73,-2.7,-2.68,68.12,-0.85,-1.1,-1.25,616.5,617.75,363.75,364.5,586.0,585.5,3.71,6.49,5.4,70.025,70.4,70.06,69.73,69.4,69.03,68.65,-2.84,-2.84,-2.79,-2.72,-2.67,-2.63,69.505,-0.75,-1.05,-1.2,627.5,628.0,369.0,370.75,593.25,592.75,3.89,6.49,4.97,70.58,70.74,70.25,69.85,69.49,69.1,68.71,-2.95,-2.87,-2.78,-2.71,-2.67,-2.68,69.935,-0.7,-1.07,-1.22,626.0,626.5,368.75,370.75,600.25,597.5,3.89,6.69,5.19
66.535,66.32,65.9,65.58,65.32,65.04,64.72,-2.55,-2.47,-2.37,-2.32,-2.26,-2.16,65.965,-0.65,-0.64,-0.68,599.5,600.75,358.5,359.75,599.0,592.25,4.06,5.1,6.44,66.14,66.45,65.92,65.52,65.22,64.96,64.7,-2.53,-2.49,-2.4,-2.36,-2.32,-2.21,65.61,-0.65,-0.64,-0.68,596.75,597.25,355.75,357.25,595.25,588.25,3.91,5.28,6.44,66.075,66.36,65.77,65.36,65.05,64.79,64.53,-2.52,-2.47,-2.4,-2.37,-2.35,-2.31,65.61,-0.65,-0.64,-0.68,593.25,593.75,358.25,358.25,594.25,587.0,3.91,5.28,6.44,64.29,64.56,64.09,63.7,63.44,63.24,63.01,-2.46,-2.44,-2.39,-2.4,-2.39,-2.36,63.89,-0.6,-0.64,-0.68,574.75,575.25,352.0,351.0,583.25,574.75,3.91,5.28,6.68,64.545,64.58,64.12,63.72,63.48,63.28,63.04,-2.46,-2.41,-2.36,-2.35,-2.32,-2.29,64.025,-0.6,-0.64,-0.68,574.5,575.5,355.75,351.75,583.75,575.0,3.91,5.28,6.68
63.22,63.74,62.79,62.5,62.22,61.99,61.78,-2.41,-2.43,-2.32,-2.25,-2.22,-2.18,61.965,-0.75,-0.88,-0.88,556.5,556.5,340.75,342.5,569.5,566.25,4.22,4.93,6.12,63.265,63.26,62.78,62.5,62.25,62.06,61.89,-2.43,-2.4,-2.28,-2.22,-2.2,-2.2,61.935,-0.76,-0.8,-0.85,561.75,561.0,340.25,342.0,573.5,570.25,4.22,4.93,6.12,63.665,63.58,63.16,62.89,62.64,62.43,62.25,-2.58,-2.52,-2.39,-2.31,-2.26,-2.22,62.4,-0.7,-0.8,-0.8,566.0,565.75,341.0,342.5,578.0,575.75,4.22,5.98,6.12,63.205,63.29,62.88,62.63,62.4,62.22,62.05,-2.46,-2.45,-2.36,-2.31,-2.32,-2.35,62.12,-0.7,-0.8,-0.8,565.25,564.25,342.5,344.0,576.5,574.25,4.38,6.34,6.12,63.435,63.48,63.09,62.8,62.54,62.33,62.12,-2.37,-2.32,-2.21,-2.16,-2.12,-2.1,62.435,-0.7,-0.8,-0.8,565.5,564.25,343.25,344.5,577.25,574.25,4.53,6.34,6.12
60.93,61.11,60.66,60.39,60.17,59.99,59.81,-1.91,-1.97,-2.02,-2.05,-2.05,-2.02,59.5,-0.86,-0.94,-1.0,550.25,550.0,340.5,339.0,555.25,549.25,4.69,5.63,7.7,60.405,60.41,60.16,59.89,59.68,59.51,59.35,-1.92,-1.96,-1.99,-2.0,-2.01,-1.98,58.975,-0.85,-1.0,-1.0,546.25,546.25,333.0,331.75,548.25,543.75,4.85,6.86,7.79,60.335,60.21,59.95,59.64,59.41,59.22,59.04,-1.88,-1.93,-1.97,-1.99,-2.0,-1.97,58.875,-0.87,-1.0,-1.0,548.5,547.5,329.5,327.75,547.75,544.25,4.85,7.04,7.98,58.805,58.62,58.38,58.1,57.92,57.79,57.68,-1.84,-1.9,-1.95,-1.99,-2.02,-2.02,57.355,-0.85,-1.0,-1.0,536.75,535.25,320.75,319.0,534.75,531.0,4.85,6.86,7.51,58.305,58.32,58.09,57.8,57.6,57.46,57.35,-1.96,-1.99,-2.03,-2.06,-2.09,-2.1,56.25,-0.93,-1.1,-1.1,534.75,533.0,319.25,318.5,530.0,527.25,4.85,6.86,7.51
57.17,57.5,56.88,56.68,56.54,56.41,56.29,-1.38,-1.51,-1.59,-1.63,-1.66,-1.68,54.625,-1.4,-1.15,-0.95,546.5,544.75,316.75,315.0,514.75,511.5,3.99,5.63,6.08,58.425,57.82,57.43,57.19,57.02,56.89,56.78,-1.57,-1.6,-1.6,-1.64,-1.63,-1.63,55.16,-1.5,-1.15,-1.0,550.0,547.75,320.25,317.75,518.5,515.0,3.99,5.81,6.08,58.785,57.99,57.58,57.33,57.12,56.98,56.86,-1.62,-1.63,-1.63,-1.66,-1.66,-1.67,55.535,-1.55,-1.15,-1.0,548.5,546.0,315.0,314.5,520.25,516.5,3.99,5.81,6.08,59.17,58.45,57.87,57.5,57.24,57.05,56.9,-1.64,-1.56,-1.53,-1.57,-1.61,-1.64,55.92,-1.65,-1.1,-1.0,544.0,543.0,315.75,313.75,525.0,521.0,3.99,5.81,5.9,59.27,58.46,57.91,57.51,57.23,57.03,56.88,-1.64,-1.52,-1.47,-1.51,-1.54,-1.54,56.08,-1.63,-1.1,-1.0,548.75,548.75,321.5,318.75,528.5,524.0,3.91,5.81,5.73
52.735,52.22,52.34,52.32,52.37,52.47,52.58,-1.37,-1.39,-1.47,-1.53,-1.57,-1.57,50.77,-1.0,-1.0,-1.0,504.75,505.25,297.5,296.5,488.0,483.75,3.75,4.22,5.57,51.865,51.76,51.58,51.63,51.71,51.82,51.94,-1.24,-1.36,-1.44,-1.5,-1.54,-1.56,49.81,-1.1,-1.1,-1.1,494.75,496.0,291.0,291.25,478.0,474.75,3.75,4.22,5.57,51.75,51.77,51.39,51.39,51.48,51.58,51.69,-1.37,-1.41,-1.51,-1.59,-1.62,-1.63,49.66,-1.2,-1.25,-1.25,483.5,484.75,289.5,288.5,468.75,466.75,3.83,4.22,5.57,52.075,52.28,51.85,51.74,51.75,51.82,51.91,-1.55,-1.52,-1.56,-1.63,-1.69,-1.7,50.185,-1.01,-1.15,-1.15,479.25,480.5,290.5,289.0,463.75,462.75,3.83,4.22,5.57,51.91,52.15,51.85,51.81,51.87,51.97,52.07,-1.54,-1.59,-1.67,-1.75,-1.78,-1.79,50.47,-1.0,-1.15,-1.15,481.0,482.5,289.25,289.0,464.5,462.25,3.91,4.22,5.57
51.785,52.47,52.08,52.23,52.41,52.52,52.63,-1.4,-1.37,-1.4,-1.38,-1.39,-1.42,51.2,-0.3,-0.6,-0.85,490.25,489.5,299.0,298.0,464.75,461.0,3.91,4.22,5.38,51.705,52.48,52.15,52.28,52.42,52.51,52.61,-1.47,-1.38,-1.35,-1.32,-1.36,-1.4,51.19,-0.42,-0.85,-1.0,485.25,485.0,298.0,296.5,459.5,455.75,3.83,4.22,5.38,50.74,51.26,51.32,51.48,51.67,51.81,51.95,-1.45,-1.39,-1.4,-1.42,-1.45,-1.47,50.235,-0.55,-0.95,-1.0,476.0,476.0,295.75,294.0,452.5,448.75,3.91,4.22,5.38,50.09,50.73,50.87,51.09,51.28,51.43,51.59,-1.4,-1.38,-1.37,-1.38,-1.42,-1.45,49.35,-0.75,-1.05,-1.1,470.75,470.5,294.0,291.75,442.25,438.5,3.91,4.4,5.38,49.355,49.99,50.15,50.38,50.61,50.79,50.98,-1.39,-1.38,-1.38,-1.39,-1.4,-1.42,48.745,-0.8,-1.1,-1.15,461.5,462.0,291.0,288.0,433.75,431.25,4.06,4.4,5.38
47.39,47.79,48.12,48.4,48.71,48.98,49.25,-1.11,-1.19,-1.28,-1.31,-1.34,-1.34,46.47,-1.15,-1.25,-1.35,437.0,436.5,282.25,281.75,409.0,408.0,4.14,4.75,5.01,47.075,47.72,47.98,48.25,48.56,48.83,49.08,-1.13,-1.2,-1.29,-1.33,-1.35,-1.34,46.37,-1.15,-1.2,-1.25,436.0,435.25,279.0,278.5,407.75,406.25,4.14,4.75,5.01,46.465,47.15,47.4,47.66,47.95,48.23,48.49,-1.12,-1.17,-1.24,-1.29,-1.32,-1.3,45.86,-1.1,-1.2,-1.25,428.0,427.75,275.5,273.75,401.25,399.75,4.38,4.75,5.01,46.175,46.9,47.13,47.38,47.66,47.92,48.18,-1.15,-1.22,-1.28,-1.31,-1.34,-1.34,45.655,-1.05,-1.15,-1.2,424.0,423.5,273.75,272.0,399.5,397.75,4.38,4.75,4.82,44.465,45.6,45.84,46.09,46.37,46.64,46.9,-1.17,-1.21,-1.25,-1.29,-1.33,-1.34,44.045,-0.95,-1.1,-1.15,411.75,411.0,268.5,266.0,389.0,386.75,4.38,4.75,4.82
49.26,49.97,50.37,50.66,50.9,51.09,51.26,-1.37,-1.32,-1.28,-1.23,-1.21,-1.2,48.055,-1.28,-1.3,-1.4,445.25,445.25,275.75,275.5,418.25,421.75,3.83,6.16,6.27,50.615,51.32,51.73,52.0,52.23,52.41,52.56,-1.51,-1.42,-1.35,-1.29,-1.27,-1.24,49.375,-1.28,-1.2,-1.25,456.75,456.5,283.0,282.0,426.5,432.5,3.83,6.16,6.44,51.21,51.71,52.02,52.27,52.46,52.62,52.73,-1.53,-1.37,-1.28,-1.22,-1.18,-1.21,49.795,-1.2,-1.2,-1.25,460.75,460.5,284.5,282.75,428.0,434.25,3.91,6.69,6.62,52.555,53.1,53.39,53.59,53.74,53.84,53.89,-1.36,-1.31,-1.26,-1.22,-1.21,-1.22,50.99,-1.35,-1.35,-1.4,474.75,474.25,291.75,291.75,439.5,443.75,3.83,7.04,6.62,53.525,54.14,54.42,54.63,54.79,54.9,54.97,-1.37,-1.33,-1.28,-1.23,-1.24,-1.24,52.005,-1.38,-1.35,-1.4,480.5,479.5,298.5,296.75,446.5,450.5,3.83,7.04,6.44
50.39,51.57,52.01,52.32,52.51,52.66,52.79,-1.34,-1.36,-1.41,-1.48,-1.53,-1.54,49.35,-1.6,-1.45,-1.55,452.25,453.5,274.0,275.75,446.5,445.25,5.79,5.63,7.33,49.485,50.61,51.12,51.46,51.69,51.86,51.99,-1.41,-1.43,-1.52,-1.58,-1.6,-1.61,48.535,-1.79,-1.6,-1.55,449.75,451.0,268.0,270.0,436.0,434.75,5.64,5.63,7.33,51.005,52.28,52.79,53.09,53.3,53.44,53.55,-1.38,-1.42,-1.53,-1.58,-1.61,-1.61,49.97,-1.79,-1.75,-1.7,466.0,467.0,278.0,279.0,453.25,450.75,5.64,5.98,7.16,50.415,51.56,52.05,52.37,52.58,52.76,52.89,-1.4,-1.46,-1.52,-1.6,-1.63,-1.63,49.37,-1.75,-1.75,-1.7,462.75,463.5,272.75,274.0,449.5,448.25,7.05,6.16,6.44,50.155,51.62,52.13,52.46,52.73,52.94,53.09,-1.38,-1.43,-1.52,-1.6,-1.63,-1.65,49.155,-1.7,-1.65,-1.65,464.5,465.25,274.0,274.5,451.5,449.5,7.36,6.16,6.08
51.915,52.61,53.08,53.36,53.57,53.69,53.76,-1.73,-1.67,-1.75,-1.8,-1.82,-1.81,49.545,-2.25,-1.8,-1.7,469.0,469.5,276.75,279.25,466.5,464.5,4.38,6.69,6.79,52.235,52.97,53.15,53.39,53.56,53.65,53.7,-1.64,-1.57,-1.65,-1.71,-1.72,-1.7,49.745,-2.3,-1.85,-1.75,469.25,469.75,278.5,279.5,467.25,465.0,4.15,6.69,6.97,51.4,52.16,52.27,52.5,52.67,52.79,52.86,-1.59,-1.56,-1.64,-1.74,-1.78,-1.78,48.86,-2.28,-1.85,-1.75,463.0,463.5,273.0,274.5,461.5,459.0,4.07,6.86,6.97,50.785,51.61,51.72,51.95,52.15,52.3,52.4,-1.54,-1.54,-1.66,-1.75,-1.79,-1.81,48.325,-2.3,-1.85,-1.75,458.75,459.5,270.0,270.5,455.5,452.75,4.07,6.86,6.97,50.045,50.83,50.97,51.22,51.45,51.62,51.73,-1.52,-1.55,-1.68,-1.79,-1.82,-1.83,47.46,-2.25,-1.85,-1.75,451.0,451.5,264.75,266.5,449.25,446.25,4.07,6.86,6.97
54.31,55.34,55.72,56.06,56.25,56.36,56.36,-1.58,-1.86,-2.07,-2.21,-2.24,-2.22,52.54,-2.1,-1.9,-1.9,487.25,488.75,298.5,300.5,483.75,483.0,5.01,6.86,6.08,55.27,56.13,56.54,56.82,56.96,57.04,57.03,-1.81,-2.0,-2.16,-2.28,-2.32,-2.31,53.315,-2.15,-1.95,-1.85,494.75,496.25,302.25,304.0,494.25,493.5,5.17,6.86,5.9,55.28,56.04,56.36,56.57,56.7,56.77,56.76,-1.84,-1.94,-2.1,-2.2,-2.23,-2.21,53.295,-2.2,-2.0,-1.9,491.75,493.75,299.25,300.5,490.75,489.75,5.17,6.86,5.9,56.11,56.7,56.91,57.03,57.1,57.13,57.1,-1.86,-1.89,-2.02,-2.1,-2.12,-2.09,54.075,-2.2,-2.05,-1.9,497.5,499.75,300.25,300.5,494.75,493.75,5.48,6.86,5.9,55.05,55.72,55.9,56.02,56.11,56.17,56.16,-1.88,-1.91,-2.03,-2.11,-2.14,-2.12,53.04,-2.15,-2.0,-1.85,486.25,488.75,293.25,295.25,484.25,483.25,5.48,7.04,5.9
55.745,55.98,56.35,56.68,56.98,57.18,57.28,-2.35,-2.24,-2.35,-2.37,-2.35,-2.31,53.77,-2.0,-2.2,-2.0,491.5,493.25,288.75,290.75,511.25,507.0,7.36,7.57,6.08,54.88,55.39,55.63,55.99,56.32,56.54,56.66,-2.12,-2.14,-2.3,-2.36,-2.33,-2.3,53.195,-1.87,-2.1,-1.95,480.75,484.0,291.0,293.0,500.5,494.5,7.36,7.74,6.31,55.885,56.41,56.65,57.02,57.36,57.58,57.7,-2.14,-2.16,-2.35,-2.42,-2.4,-2.36,54.255,-1.85,-2.1,-1.95,490.25,494.0,297.25,300.0,503.75,500.0,7.67,7.74,6.79,54.85,55.44,55.82,56.26,56.65,56.93,57.1,-1.97,-2.1,-2.33,-2.44,-2.44,-2.4,53.33,-1.8,-2.02,-1.85,482.75,487.0,294.0,295.75,501.75,497.75,7.67,6.86,6.97,55.04,55.7,56.13,56.61,57.03,57.33,57.5,-2.23,-2.32,-2.56,-2.66,-2.65,-2.76,53.49,-1.75,-1.9,-1.8,484.25,488.75,293.5,297.0,508.75,504.25,7.83,6.69,7.16
54.94,56.61,57.25,57.79,58.21,58.47,58.59,-2.81,-3.03,-3.25,-3.35,-3.28,-3.12,52.845,-2.25,-2.05,-2.05,501.0,501.5,300.0,301.5,480.75,484.0,9.72,8.14,9.28,55.265,56.15,56.87,57.5,58.0,58.4,58.65,-2.9,-3.13,-3.3,-3.33,-3.31,-3.18,53.12,-2.25,-2.05,-2.05,502.25,502.5,302.0,303.75,481.25,484.5,9.72,8.14,9.28,55.405,56.35,57.04,57.61,58.07,58.42,58.63,-3.03,-3.17,-3.31,-3.34,-3.29,-3.19,53.3,-2.2,-2.1,-2.05,499.0,500.25,302.75,304.5,480.25,483.5,9.92,8.35,9.59,53.64,54.53,55.27,55.88,56.38,56.76,57.0,-3.22,-3.33,-3.43,-3.44,-3.39,-3.27,51.58,-2.22,-2.1,-2.05,481.5,483.25,291.0,292.75,465.0,468.5,11.14,8.35,9.59,54.19,55.04,55.78,56.4,56.92,57.33,57.58,-3.18,-3.29,-3.4,-3.41,-3.36,-3.26,52.06,-2.22,-2.1,-2.05,485.0,487.0,297.0,297.75,471.0,474.5,11.34,8.35,9.59
49.08,49.8,50.93,51.63,52.18,52.63,53.0,-3.32,-3.71,-3.83,-3.87,-3.87,-3.8,47.85,-1.85,-1.9,-1.95,446.25,446.5,264.5,264.75,438.75,438.0,8.1,8.35,9.59,45.785,46.55,47.48,48.29,48.94,49.51,50.0,-3.21,-3.72,-3.86,-3.92,-3.96,-3.89,44.545,-1.85,-1.9,-1.95,425.25,424.75,248.25,247.75,412.5,412.25,8.1,8.35,9.81,47.59,48.37,49.35,50.12,50.75,51.3,51.76,-3.06,-3.61,-3.76,-3.82,-3.85,-3.8,46.235,-1.85,-1.9,-1.95,439.5,439.75,259.0,259.0,425.75,425.75,8.3,8.35,9.99,46.36,47.58,48.56,49.35,49.98,50.54,51.01,-3.12,-3.69,-3.87,-3.97,-4.02,-3.98,45.155,-1.85,-2.0,-2.05,431.5,432.0,252.75,252.0,416.75,417.5,8.3,8.35,9.99,47.675,48.98,50.0,50.76,51.39,51.92,52.37,-3.35,-3.79,-3.93,-3.96,-3.95,-3.85,46.445,-1.95,-2.05,-2.15,443.0,444.25,257.0,257.25,427.25,429.75,9.11,8.35,9.99
46.615,48.0,48.83,49.54,50.16,50.7,51.17,-3.62,-3.97,-3.96,-3.93,-3.85,-3.72,45.325,-2.1,-2.2,-2.2,438.75,438.75,246.25,245.5,426.5,423.75,8.1,5.22,6.81,48.92,50.23,51.33,52.01,52.59,53.07,53.49,-3.62,-3.9,-3.92,-3.93,-3.88,-3.78,47.68,-2.05,-2.2,-2.2,460.75,460.5,258.5,256.25,446.25,442.0,8.0,5.85,6.81,49.18,50.61,51.68,52.37,52.94,53.44,53.86,-3.62,-3.98,-3.99,-4.02,-3.94,-3.86,47.93,-2.2,-2.2,-2.2,464.25,463.75,260.0,258.0,450.25,446.0,7.49,5.85,6.81,48.905,50.37,51.45,52.19,52.83,53.37,53.83,-3.74,-4.11,-4.19,-4.13,-4.08,-3.97,47.66,-2.07,-2.17,-2.2,460.5,461.0,260.25,259.0,449.0,444.5,7.49,6.05,7.25,49.075,50.82,51.82,52.53,53.16,53.7,54.16,-4.04,-4.3,-4.24,-4.14,-4.05,-3.96,47.84,-2.15,-2.2,-2.2,460.5,462.0,264.75,262.0,448.75,444.5,7.7,6.05,7.51
48.115,48.92,49.83,50.37,50.88,51.36,51.78,-3.01,-3.66,-3.92,-4.0,-4.01,-3.96,45.45,-2.8,-2.55,-2.4,444.25,445.25,246.5,245.25,418.25,417.5,5.06,7.72,8.53,48.355,49.28,49.87,50.4,50.86,51.32,51.74,-2.95,-3.6,-3.85,-3.95,-3.98,-3.97,45.53,-2.8,-2.55,-2.4,443.0,444.0,247.0,245.75,417.25,416.0,5.06,7.93,9.37,45.2,46.24,46.79,47.35,47.87,48.38,48.85,-3.24,-3.9,-4.1,-4.16,-4.18,-4.16,42.39,-2.9,-2.6,-2.4,414.5,415.5,232.5,230.5,399.25,397.0,5.06,7.93,9.72,44.885,45.71,46.24,46.79,47.3,47.82,48.29,-3.17,-3.85,-4.0,-4.07,-4.09,-4.07,42.0,-2.85,-2.55,-2.4,408.25,409.0,232.25,229.5,394.25,390.5,4.96,7.72,9.72,46.61,47.31,47.89,48.4,48.9,49.4,49.87,-3.2,-3.85,-4.01,-4.08,-4.12,-4.12,43.77,-2.8,-2.5,-2.4,424.0,424.25,245.5,242.0,410.0,406.25,4.96,5.85,9.59
46.27,47.14,47.29,47.67,48.06,48.47,48.88,-3.28,-3.36,-3.78,-3.94,-4.0,-3.99,44.01,-2.4,-2.35,-2.4,414.0,415.25,232.25,231.0,371.5,375.25,5.27,4.38,4.49,47.68,48.51,48.82,49.21,49.59,49.98,50.38,-3.2,-3.33,-3.76,-3.93,-3.99,-3.99,45.435,-2.4,-2.35,-2.4,427.0,429.0,238.5,238.25,386.75,389.75,5.37,3.97,4.49,49.54,50.07,50.32,50.69,51.05,51.43,51.82,-3.17,-3.31,-3.73,-3.92,-3.99,-3.95,47.17,-2.3,-2.35,-2.4,436.5,438.5,243.75,243.25,402.75,404.75,5.27,3.97,4.49,49.125,49.51,49.76,50.11,50.47,50.85,51.24,-3.23,-3.38,-3.77,-3.94,-4.01,-3.97,46.93,-2.3,-2.35,-2.4,436.25,437.0,240.25,239.5,399.0,399.0,5.37,3.97,4.27,48.11,48.77,49.06,49.43,49.81,50.21,50.62,-3.26,-3.47,-3.85,-4.01,-4.1,-4.06,46.185,-2.15,-2.2,-2.25,429.0,431.75,235.25,234.75,388.5,392.75,5.47,3.97,4.27
41.62,42.35,43.25,43.67,44.22,44.71,45.19,-3.4,-3.31,-3.71,-3.9,-4.05,-4.14,40.045,-2.1,-2.3,-2.5,367.25,369.75,212.25,209.5,344.5,349.0,4.86,4.8,4.46,41.89,42.94,43.52,43.91,44.46,44.94,45.4,-3.27,-3.26,-3.67,-3.87,-4.03,-4.09,40.33,-2.1,-2.3,-2.5,369.5,372.25,211.5,209.5,349.75,354.25,4.86,4.8,4.46,42.985,44.02,44.42,44.82,45.35,45.82,46.27,-3.48,-3.5,-3.83,-3.98,-4.1,-4.15,41.305,-2.2,-2.4,-2.58,377.75,381.25,212.5,211.75,355.5,360.0,4.96,4.8,4.69,43.63,44.66,45.03,45.4,45.95,46.44,46.91,-3.63,-3.58,-3.88,-4.02,-4.13,-4.15,41.91,-2.3,-2.45,-2.58,381.75,385.25,213.25,213.0,362.75,366.75,4.96,4.8,4.91,43.765,44.81,45.22,45.61,46.15,46.64,47.12,-3.76,-3.67,-3.97,-4.1,-4.22,-4.27,41.905,-2.37,-2.5,-2.6,384.5,387.5,213.75,213.5,364.0,367.0,5.06,5.01,5.33
48.44,49.81,50.25,50.71,51.09,51.6,52.01,-4.51,-4.45,-4.41,-4.5,-4.5,-4.44,46.605,-2.4,-2.55,-2.6,438.5,441.5,241.25,238.0,416.75,414.5,5.67,7.1,6.92,48.885,49.97,50.69,51.19,51.58,52.08,52.47,-4.34,-4.37,-4.37,-4.47,-4.45,-4.4,47.075,-2.47,-2.55,-2.6,446.0,448.75,241.0,240.25,420.75,420.25,5.67,7.31,6.85,46.58,47.78,48.49,48.99,49.37,49.85,50.24,-4.29,-4.42,-4.41,-4.49,-4.49,-4.46,44.72,-2.5,-2.55,-2.65,424.25,427.5,225.5,224.5,404.75,404.25,5.67,7.31,6.39,45.87,47.12,47.72,48.16,48.5,48.94,49.32,-4.38,-4.47,-4.44,-4.5,-4.5,-4.47,44.015,-2.6,-2.6,-2.65,416.25,419.25,215.5,216.25,396.5,396.0,5.87,7.72,6.39,47.48,48.67,49.28,49.73,50.06,50.48,50.84,-4.42,-4.47,-4.41,-4.43,-4.42,-4.36,45.6,-2.55,-2.65,-2.75,431.0,434.0,222.25,222.75,407.25,406.75,5.87,8.14,6.63
49.25,49.97,50.67,51.03,51.3,51.56,51.88,-3.89,-4.47,-4.49,-4.38,-4.34,-4.27,46.68,-2.65,-2.75,-2.75,451.0,453.0,221.25,221.5,416.75,416.0,6.68,6.68,8.53,49.075,49.33,49.98,50.35,50.61,50.87,51.2,-4.04,-4.57,-4.5,-4.38,-4.33,-4.24,46.015,-2.6,-2.6,-2.6,446.25,448.0,215.25,216.75,412.25,410.75,6.68,6.89,8.49,49.51,49.83,50.39,50.75,51.01,51.26,51.57,-4.1,-4.6,-4.55,-4.42,-4.37,-4.28,46.815,-2.55,-2.6,-2.6,447.5,448.75,215.5,218.25,412.25,411.25,6.68,7.31,8.49,48.77,49.14,49.65,50.02,50.32,50.6,50.92,-4.04,-4.51,-4.5,-4.4,-4.35,-4.27,45.96,-2.62,-2.62,-2.6,446.25,447.5,212.5,215.0,408.75,407.75,6.68,7.31,7.67,48.48,48.88,49.44,49.88,50.22,50.51,50.85,-3.95,-4.46,-4.45,-4.38,-4.34,-4.28,45.605,-2.62,-2.62,-2.6,445.25,446.5,213.0,216.0,412.5,411.25,7.04,7.31,6.39
45.475,47.62,47.17,47.51,47.86,48.12,48.37,-3.38,-3.93,-4.11,-4.11,-4.1,-4.12,43.8,-2.55,-2.55,-2.5,410.5,412.0,198.75,200.5,406.25,400.75,6.99,6.68,7.25,45.61,47.58,47.24,47.56,47.89,48.16,48.42,-3.38,-3.95,-4.1,-4.1,-4.09,-4.11,43.965,-2.55,-2.5,-2.5,413.0,414.5,196.5,199.25,404.25,400.5,7.39,7.31,7.25,44.1,46.08,45.87,46.23,46.62,46.92,47.21,-3.42,-3.98,-4.16,-4.15,-4.13,-4.15,42.33,-2.63,-2.53,-2.5,399.75,402.0,188.0,191.25,395.0,392.75,7.9,7.52,7.45,43.635,45.6,45.48,45.86,46.24,46.57,46.9,-3.43,-3.97,-4.15,-4.15,-4.16,-4.15,41.725,-2.63,-2.5,-2.5,394.5,396.5,185.75,187.5,396.75,393.5,8.0,7.93,7.67,43.21,45.13,45.07,45.46,45.86,46.19,46.5,-3.46,-4.01,-4.2,-4.22,-4.23,-4.23,41.125,-2.68,-2.5,-2.5,390.75,392.5,181.75,183.5,392.0,388.75,8.0,7.93,7.67
38.7,39.85,40.62,41.03,41.49,42.01,42.54,-3.94,-3.87,-4.06,-4.15,-4.18,-4.17,36.49,-2.9,-2.9,-2.9,352.0,353.75,156.25,158.75,373.0,369.75,12.05,8.35,6.83,38.7,39.73,40.47,40.9,41.35,41.86,42.38,-3.92,-3.97,-4.14,-4.19,-4.2,-4.17,36.38,-2.9,-2.9,-2.9,348.75,349.75,153.75,158.0,376.25,372.0,9.52,8.35,6.83,37.51,38.84,39.52,39.94,40.38,40.88,41.39,-3.99,-4.05,-4.11,-4.14,-4.12,-4.06,35.23,-2.85,-2.85,-2.85,337.5,339.75,147.5,152.75,362.75,360.75,8.51,8.35,6.83,38.52,39.78,40.37,40.8,41.24,41.73,42.22,-4.09,-4.19,-4.18,-4.15,-4.09,-4.03,36.25,-2.9,-2.9,-2.9,352.25,355.0,154.5,156.5,366.25,364.75,7.49,7.72,6.61,39.255,40.77,41.4,41.8,42.21,42.7,43.18,-4.0,-4.08,-4.09,-4.1,-4.05,-4.0,37.375,-2.85,-2.85,-2.85,358.0,361.25,155.5,162.0,367.25,366.0,7.7,7.41,6.61
35.79,36.13,36.59,37.2,37.79,38.41,39.02,-4.62,-4.5,-4.43,-4.41,-4.35,-4.25,33.08,-2.76,-2.95,-3.0,319.5,322.5,138.75,141.25,319.25,319.75,6.48,5.85,6.63,36.125,36.23,36.49,37.07,37.63,38.24,38.83,-4.24,-4.23,-4.21,-4.23,-4.16,-4.07,33.505,-2.75,-3.05,-3.1,322.0,323.5,138.5,142.0,318.75,319.25,6.58,5.85,6.85,33.37,33.79,34.3,34.94,35.59,36.27,36.94,-4.07,-4.17,-4.22,-4.29,-4.26,-4.2,30.73,-2.75,-3.05,-3.1,304.25,306.25,130.25,134.0,301.75,303.25,6.99,6.05,7.07,32.31,33.01,33.69,34.41,35.08,35.78,36.45,-4.07,-4.25,-4.29,-4.34,-4.28,-4.19,30.03,-2.7,-3.05,-3.1,299.0,302.0,128.5,130.75,292.75,294.25,7.19,6.05,7.47,32.385,33.18,33.78,34.49,35.16,35.86,36.52,-4.02,-4.22,-4.3,-4.34,-4.28,-4.22,29.98,-2.65,-2.8,-2.85,295.5,301.25,128.5,130.5,287.0,288.5,7.19,6.05,7.89
33.11,34.09,35.18,36.0,36.82,37.54,38.25,-4.41,-4.54,-4.51,-4.44,-4.35,-4.3,30.85,-2.7,-3.2,-3.0,299.5,303.25,145.25,147.75,318.0,317.5,7.29,9.81,7.25,33.065,34.14,35.04,35.85,36.62,37.29,37.94,-4.41,-4.58,-4.52,-4.43,-4.33,-4.26,30.745,-3.0,-3.1,-3.1,302.25,305.75,143.5,145.5,322.0,317.0,7.9,8.98,7.25,31.515,32.42,33.22,34.02,34.79,35.49,36.18,-4.55,-4.74,-4.67,-4.59,-4.52,-4.44,29.01,-2.9,-3.0,-3.0,286.5,291.0,133.0,134.75,289.75,286.75,8.61,8.77,7.45,30.99,31.75,32.52,33.27,34.0,34.68,35.35,-4.73,-4.81,-4.76,-4.68,-4.59,-4.49,28.465,-3.05,-2.95,-2.85,274.25,281.75,127.5,129.0,284.25,281.25,9.11,7.93,7.67,29.83,30.98,31.78,32.54,33.31,34.01,34.7,-4.79,-4.86,-4.79,-4.7,-4.62,-4.58,27.525,-3.05,-2.95,-2.85,270.5,277.0,126.75,128.75,295.5,293.5,9.92,7.93,7.67
35.74,36.25,36.64,37.47,38.32,39.15,39.94,-4.76,-4.77,-4.67,-4.56,-4.42,-4.28,32.3,-2.55,-2.55,-2.55,320.25,324.5,125.25,132.25,374.75,371.5,14.08,7.31,10.36,36.09,36.61,37.02,37.86,38.71,39.56,40.36,-4.77,-4.77,-4.67,-4.58,-4.45,-4.34,32.81,-2.55,-2.55,-2.55,324.25,331.5,132.25,135.0,376.75,373.75,14.08,7.31,10.36,37.135,37.51,37.94,38.75,39.6,40.43,41.19,-4.86,-4.82,-4.73,-4.62,-4.46,-4.32,33.795,-2.55,-2.55,-2.55,335.25,340.0,133.0,140.75,384.5,382.0,14.08,7.78,10.36,37.075,37.64,38.15,38.99,39.82,40.65,41.41,-4.68,-4.72,-4.57,-4.45,-4.29,-4.19,33.83,-2.5,-2.55,-2.55,333.75,339.75,125.25,141.5,387.5,383.0,14.08,7.78,10.36,36.445,36.94,37.46,38.29,39.12,39.94,40.7,-4.85,-4.81,-4.64,-4.52,-4.35,-4.15,33.385,-2.5,-2.55,-2.55,330.5,337.25,125.5,138.25,379.25,376.5,14.36,7.78,10.36
44.02,45.3,45.94,46.46,47.24,48.01,48.74,-4.17,-4.08,-4.29,-4.29,-4.22,-4.12,42.555,-1.95,-1.9,-1.85,411.0,416.75,188.5,191.25,433.75,429.75,10.91,8.49,11.51,43.845,45.07,45.74,46.31,47.1,47.9,48.67,-4.35,-4.19,-4.38,-4.37,-4.31,-4.23,42.215,-2.2,-2.1,-2.0,413.25,416.5,185.5,189.5,434.5,430.25,10.91,8.96,11.65,43.985,45.36,46.09,46.69,47.52,48.35,49.14,-4.19,-4.08,-4.32,-4.33,-4.29,-4.24,42.095,-2.5,-2.4,-2.3,417.75,420.25,188.5,194.0,428.25,425.0,10.77,8.96,11.65,43.955,45.42,46.18,46.83,47.67,48.51,49.3,-4.18,-4.14,-4.4,-4.4,-4.36,-4.28,41.96,-2.6,-2.5,-2.4,423.25,426.5,191.75,196.75,427.5,424.25,10.77,8.96,11.65,44.63,46.13,46.85,47.5,48.34,49.16,49.92,-3.91,-3.93,-4.24,-4.27,-4.26,-4.19,42.24,-2.76,-2.6,-2.5,429.5,432.25,194.25,201.5,433.75,431.0,10.77,8.96,11.94
48.16,49.19,49.94,50.73,51.34,52.12,52.85,-3.35,-3.13,-3.29,-3.6,-3.63,-3.61,45.315,-2.65,-2.35,-2.15,450.5,453.75,217.25,219.5,431.5,433.25,8.28,9.43,11.8,48.45,49.23,50.01,50.8,51.42,52.2,52.95,-3.03,-2.9,-3.09,-3.45,-3.51,-3.51,45.565,-2.49,-2.15,-2.0,447.25,451.5,218.25,221.0,430.75,433.25,7.45,9.43,10.93,48.165,49.0,49.76,50.55,51.18,51.96,52.68,-2.93,-2.89,-3.08,-3.43,-3.47,-3.45,45.14,-2.51,-2.15,-2.0,443.5,449.25,218.75,221.5,428.5,431.0,9.11,9.43,10.93,45.93,46.71,47.46,48.23,48.87,49.67,50.42,-2.85,-2.81,-3.0,-3.38,-3.43,-3.42,42.895,-2.75,-2.15,-2.0,420.75,428.0,204.75,208.25,405.0,407.0,9.66,9.43,10.65,46.955,47.93,48.64,49.37,50.01,50.79,51.52,-3.22,-3.11,-3.22,-3.56,-3.6,-3.57,43.865,-2.75,-2.15,-2.0,429.0,437.75,208.0,212.5,414.25,417.25,10.22,8.72,9.5
47.285,48.3,48.99,49.64,50.28,50.84,51.49,-3.24,-2.92,-2.9,-2.97,-3.17,-3.08,45.91,-1.66,-1.65,-1.65,458.0,462.75,208.25,210.0,415.5,418.0,16.24,6.37,8.89,47.585,48.32,48.97,49.62,50.28,50.87,51.53,-3.07,-2.86,-2.86,-2.97,-3.18,-3.09,45.93,-1.72,-1.75,-1.75,458.25,463.5,207.5,209.5,415.0,417.5,15.47,5.66,9.21,46.475,47.31,47.99,48.7,49.4,50.02,50.71,-2.96,-2.79,-2.83,-2.95,-3.17,-3.1,44.945,-1.73,-1.75,-1.75,448.5,455.75,203.5,205.25,408.0,410.5,15.08,5.19,10.27,47.235,48.37,49.04,49.76,50.47,51.09,51.77,-3.01,-2.83,-2.88,-3.01,-3.25,-3.17,45.765,-1.82,-1.8,-1.8,461.75,466.0,208.0,211.5,417.0,417.0,15.27,5.42,10.27,48.25,49.34,50.07,50.83,51.57,52.21,52.87,-2.86,-2.86,-2.9,-3.04,-3.24,-3.15,46.865,-1.7,-1.7,-1.7,469.0,472.5,214.0,216.5,424.25,428.0,14.89,5.42,10.27
48.27,49.59,50.36,51.14,51.9,52.61,53.23,-1.86,-2.14,-2.19,-2.18,-2.27,-2.52,47.03,-1.75,-1.7,-1.7,473.75,477.75,230.25,234.0,411.75,412.5,8.89,7.07,7.48,44.735,45.89,46.66,47.4,48.13,48.82,49.44,-2.03,-2.22,-2.25,-2.23,-2.33,-2.6,43.405,-1.75,-1.7,-1.7,442.5,446.25,203.25,207.25,372.75,374.75,8.12,6.6,7.22,42.055,43.41,44.21,44.98,45.75,46.47,47.1,-2.35,-2.46,-2.42,-2.35,-2.4,-2.58,40.835,-1.75,-1.7,-1.7,420.75,425.5,185.0,190.25,343.0,345.25,8.51,6.37,7.22,42.03,43.65,44.47,45.27,46.05,46.77,47.37,-2.41,-2.58,-2.57,-2.53,-2.58,-2.77,40.955,-1.6,-1.6,-1.7,425.75,431.25,187.75,194.5,351.75,356.0,8.7,6.37,7.48,41.855,43.24,43.97,44.79,45.58,46.32,46.94,-2.33,-2.48,-2.5,-2.47,-2.53,-2.74,40.54,-1.62,-1.62,-1.7,424.25,428.75,184.75,191.0,357.25,359.5,8.7,6.6,8.06
52.53,52.73,53.39,54.09,54.78,55.44,56.05,-0.47,-1.83,-2.12,-2.23,-2.23,-2.28,50.785,-1.3,-1.4,-1.4,487.25,488.75,261.0,261.5,454.5,452.0,14.31,6.37,8.6,53.715,53.67,54.36,55.08,55.75,56.38,56.95,-0.25,-1.68,-2.09,-2.18,-2.16,-2.19,51.725,-1.3,-1.4,-1.4,492.25,493.75,267.0,266.25,459.5,455.75,14.5,6.37,8.6,54.38,54.14,54.79,55.48,56.12,56.72,57.27,-0.39,-1.72,-2.04,-2.13,-2.09,-2.15,52.275,-1.38,-1.45,-1.45,494.5,495.5,268.0,268.5,457.25,456.5,15.66,6.37,8.6,54.425,53.87,54.4,55.02,55.63,56.22,56.77,-0.79,-2.02,-2.19,-2.29,-2.26,-2.31,52.11,-1.4,-1.45,-1.45,494.5,496.0,262.75,266.5,456.25,455.25,16.24,6.6,8.89,54.13,53.76,54.2,54.77,55.36,55.92,56.45,-0.97,-2.01,-2.23,-2.33,-2.33,-2.44,51.83,-1.5,-1.45,-1.45,488.25,490.25,264.75,266.25,457.75,454.75,16.63,6.84,8.89
61.05,62.87,63.39,63.94,64.51,65.06,65.52,-1.34,-1.9,-2.51,-2.85,-3.0,-3.02,60.915,-1.05,-1.25,-1.35,572.75,574.5,321.5,321.75,517.75,521.5,14.69,10.84,12.37,59.825,61.89,62.56,63.17,63.8,64.4,64.9,-1.45,-2.08,-2.65,-2.93,-3.08,-3.11,59.585,-1.2,-1.35,-1.4,563.75,564.75,316.25,316.25,513.25,517.0,14.69,11.55,13.52,60.74,63.04,63.68,64.26,64.86,65.42,65.9,-1.34,-2.06,-2.64,-2.93,-3.07,-3.07,60.505,-1.23,-1.35,-1.4,573.5,574.25,318.25,321.5,520.25,525.25,14.11,12.49,13.87,60.595,62.88,63.46,64.01,64.6,65.16,65.64,-1.64,-2.26,-2.74,-2.98,-3.07,-3.12,60.42,-1.2,-1.35,-1.4,569.5,570.25,316.75,318.75,514.5,519.5,15.27,13.44,13.87,61.775,64.06,64.7,65.27,65.86,66.44,66.92,-1.74,-2.34,-2.77,-3.02,-3.12,-3.16,61.545,-1.24,-1.25,-1.25,579.75,581.25,322.25,325.25,532.25,535.25,15.85,13.67,13.87
63.49,64.82,65.34,65.77,66.16,66.53,66.87,-2.23,-2.85,-2.94,-3.0,-3.05,-3.08,62.645,-1.45,-1.45,-1.45,591.75,593.0,331.75,333.0,552.75,549.5,16.24,8.96,11.51,60.725,62.12,62.73,63.19,63.65,64.08,64.48,-2.01,-2.83,-2.93,-3.0,-3.03,-3.05,59.85,-1.45,-1.45,-1.45,569.5,570.25,315.75,316.5,525.0,521.5,16.24,8.96,11.51,61.755,63.11,63.7,64.18,64.61,65.01,65.38,-2.09,-2.93,-3.02,-3.07,-3.08,-3.09,60.88,-1.51,-1.35,-1.35,575.75,576.5,318.25,321.0,524.25,524.0,17.21,8.96,11.51,62.055,63.73,64.34,64.81,65.24,65.64,66.01,-2.26,-3.0,-3.07,-3.1,-3.12,-3.11,61.36,-1.51,-1.5,-1.5,583.5,584.75,320.25,325.25,529.25,528.75,18.17,10.37,12.49,64.29,65.57,66.16,66.6,66.99,67.36,67.68,-2.31,-3.03,-3.1,-3.12,-3.11,-3.15,63.555,-1.37,-1.35,-1.4,598.0,598.75,330.0,333.0,541.25,541.0,19.14,10.84,12.95
64.42,66.34,67.02,67.57,68.06,68.5,68.93,-2.87,-2.83,-3.12,-3.23,-3.26,-3.28,64.39,-1.09,-1.25,-1.25,599.0,598.5,340.5,339.25,563.5,560.5,13.52,8.25,8.89,64.05,65.85,66.55,67.16,67.72,68.2,68.65,-2.83,-2.77,-3.03,-3.14,-3.19,-3.26,64.205,-1.0,-1.2,-1.25,594.25,593.25,337.5,336.25,561.75,559.0,13.52,9.19,9.21,62.8,64.94,65.66,66.3,66.86,67.35,67.81,-2.88,-2.85,-3.09,-3.23,-3.31,-3.35,62.91,-1.12,-1.25,-1.25,586.0,586.0,331.75,330.25,561.0,557.25,13.13,9.43,9.21,62.98,64.96,65.72,66.37,66.92,67.41,67.88,-2.95,-2.87,-3.13,-3.27,-3.32,-3.32,62.975,-1.2,-1.25,-1.25,584.25,584.5,332.25,331.25,554.25,553.25,13.13,9.67,9.44,62.865,65.09,65.77,66.39,66.91,67.39,67.85,-3.02,-2.94,-3.24,-3.36,-3.43,-3.45,62.82,-1.15,-1.2,-1.3,586.75,586.75,331.0,331.25,550.0,549.0,13.91,9.67,9.44
53.985,55.24,56.3,57.17,58.05,58.87,59.61,-2.08,-2.77,-3.0,-3.15,-3.28,-3.33,52.285,-1.93,-1.85,-1.8,528.75,525.5,280.75,286.0,497.25,492.0,10.82,9.9,10.07,54.355,55.41,56.36,57.2,58.03,58.83,59.54,-2.19,-2.79,-3.0,-3.19,-3.35,-3.43,52.505,-1.97,-1.85,-1.8,529.0,524.75,285.0,286.25,502.5,496.5,10.82,7.54,10.65,56.625,57.76,58.65,59.42,60.2,60.94,61.59,-2.44,-2.94,-3.13,-3.28,-3.38,-3.43,54.84,-1.97,-1.85,-1.8,543.75,539.25,298.25,298.5,521.0,514.0,11.01,7.54,11.22,57.16,58.6,59.46,60.21,61.0,61.74,62.38,-2.3,-2.78,-3.03,-3.22,-3.34,-3.39,55.64,-2.05,-1.9,-1.8,547.0,543.5,304.5,305.25,530.25,524.0,10.62,7.54,11.22,54.255,55.8,56.83,57.62,58.44,59.2,59.87,-2.21,-2.73,-2.97,-3.12,-3.2,-3.23,52.735,-1.95,-1.8,-1.7,525.5,522.0,289.75,289.0,515.5,508.75,10.53,7.54,10.65
61.99,61.62,62.19,63.01,63.86,64.65,65.35,-2.88,-2.95,-3.04,-3.1,-3.11,-3.14,59.45,-1.95,-1.95,-1.9,591.5,586.0,313.25,314.25,533.0,529.0,11.98,8.02,10.27,61.36,61.01,61.67,62.52,63.41,64.23,64.93,-3.01,-3.13,-3.19,-3.24,-3.23,-3.22,58.81,-1.95,-1.95,-1.9,585.5,578.5,310.0,311.75,527.25,520.75,12.36,7.78,10.27,59.645,59.24,60.03,60.94,61.85,62.7,63.44,-3.03,-3.21,-3.23,-3.24,-3.23,-3.25,57.19,-2.0,-1.85,-1.75,581.0,573.25,300.25,302.25,509.75,504.25,12.94,7.78,10.27,60.075,59.79,60.48,61.35,62.24,63.07,63.78,-3.13,-3.15,-3.17,-3.16,-3.16,-3.15,58.04,-1.47,-1.8,-1.85,581.5,573.25,303.5,303.75,512.75,508.0,12.75,8.25,9.98,59.865,59.44,60.05,60.84,61.71,62.55,63.28,-3.05,-3.04,-3.01,-3.04,-3.1,-3.16,58.3,-1.4,-1.65,-1.7,584.5,574.0,303.75,303.5,515.75,509.25,13.91,8.25,9.78
47.855,49.34,50.28,51.31,52.37,53.4,54.38,-2.94,-3.0,-3.21,-3.3,-3.37,-3.38,47.13,-1.6,-2.15,-2.15,478.5,478.0,242.75,244.0,428.25,425.0,14.87,8.02,10.27,47.06,48.49,49.53,50.69,51.86,52.98,54.01,-2.93,-3.08,-3.32,-3.44,-3.53,-3.6,46.375,-1.6,-2.15,-2.15,474.25,473.0,239.75,241.25,412.25,408.5,15.26,8.02,9.78,47.64,49.23,50.29,51.44,52.59,53.69,54.69,-3.17,-3.17,-3.34,-3.43,-3.5,-3.52,46.88,-1.8,-2.35,-2.3,478.5,478.0,241.0,244.0,413.25,411.75,15.45,8.02,9.44,46.855,48.68,49.85,51.05,52.21,53.31,54.31,-3.23,-3.19,-3.32,-3.35,-3.41,-3.45,46.14,-1.75,-2.35,-1.8,476.75,476.25,237.75,240.25,402.25,402.0,15.45,9.19,9.44,46.3,48.33,49.55,50.79,51.98,53.09,54.09,-3.25,-3.2,-3.33,-3.35,-3.39,-3.46,45.645,-1.87,-2.5,-1.9,476.75,476.0,235.5,239.0,399.0,396.25,15.45,9.19,9.44
54.975,56.15,56.98,57.89,58.84,59.76,60.58,-3.08,-3.16,-3.16,-3.26,-3.25,-3.13,53.225,-2.1,-2.1,-2.1,521.5,520.25,260.25,266.0,415.0,420.75,13.37,12.21,13.44,55.83,57.23,58.0,58.86,59.76,60.64,61.45,-3.07,-3.12,-3.11,-3.16,-3.1,-3.01,53.73,-2.22,-2.22,-2.22,534.0,530.75,269.5,271.5,427.5,435.5,13.76,11.97,13.44,57.68,59.19,59.95,60.82,61.69,62.53,63.3,-2.97,-3.08,-3.1,-3.17,-3.15,-3.09,55.525,-2.4,-2.4,-2.4,543.25,542.5,279.5,282.0,448.5,451.5,13.57,11.74,13.44,58.57,60.08,60.81,61.58,62.4,63.21,63.96,-3.0,-3.02,-2.99,-3.06,-3.07,-3.01,56.885,-2.05,-2.05,-2.05,554.0,553.0,284.25,287.5,457.75,460.5,13.57,11.5,13.44,58.995,60.53,61.28,62.05,62.87,63.67,64.4,-3.01,-3.06,-3.04,-3.09,-3.05,-2.97,57.41,-2.0,-2.0,-2.0,560.5,559.75,290.25,290.5,468.0,467.75,13.76,9.86,12.89
71.67,72.77,73.18,73.75,74.32,74.88,75.39,-2.69,-2.63,-2.63,-2.59,-2.58,-2.56,70.805,-0.95,-1.25,-1.45,668.75,668.0,373.25,374.5,599.5,597.0,14.35,8.45,11.03,70.69,71.49,71.94,72.49,73.06,73.6,74.11,-3.18,-2.9,-2.8,-2.68,-2.6,-2.48,70.08,-0.9,-1.2,-1.35,654.0,653.0,369.5,367.5,585.5,583.5,14.16,8.69,11.76,77.48,78.25,78.68,79.2,79.71,80.18,80.59,-3.26,-2.93,-2.86,-2.72,-2.63,-2.54,76.97,-1.1,-1.15,-1.35,707.75,706.25,404.25,403.25,630.5,629.75,14.16,8.69,15.09,77.55,78.56,79.0,79.52,80.04,80.48,80.87,-3.13,-2.87,-2.87,-2.75,-2.68,-2.6,77.03,-0.9,-1.1,-1.1,708.75,706.5,404.0,402.5,629.5,629.5,13.17,9.62,15.09,79.34,80.47,80.93,81.48,81.98,82.42,82.81,-2.93,-2.77,-2.78,-2.68,-2.6,-2.5,78.89,-0.75,-1.09,-1.1,718.5,717.0,416.5,414.5,636.5,640.75,12.78,9.86,15.67
84.285,84.96,85.42,85.96,86.49,86.98,87.41,-2.82,-2.45,-2.46,-2.42,-2.31,-2.25,82.845,-1.55,-1.44,-1.39,769.25,766.0,450.25,447.25,681.75,685.25,13.17,7.75,8.94,85.71,86.31,86.78,87.31,87.85,88.33,88.75,-2.82,-2.48,-2.52,-2.51,-2.41,-2.37,84.595,-1.54,-1.43,-1.38,772.25,770.25,454.5,453.5,691.5,697.25,13.17,7.75,8.13,86.805,87.51,87.98,88.52,89.04,89.49,89.87,-2.63,-2.49,-2.55,-2.5,-2.38,-2.34,85.855,-1.58,-1.4,-1.38,782.0,779.0,458.25,458.25,697.0,705.75,12.39,7.75,7.84,85.69,86.07,86.52,87.04,87.56,88.07,88.5,-2.6,-2.46,-2.51,-2.52,-2.43,-2.43,84.64,-1.4,-1.3,-1.35,763.5,760.75,449.75,450.25,684.0,693.25,12.09,7.04,7.84,85.245,85.75,86.18,86.69,87.21,87.7,88.11,-2.49,-2.44,-2.52,-2.52,-2.44,-2.4,84.065,-1.4,-1.3,-1.35,760.5,758.25,449.25,448.5,676.75,686.25,10.81,6.81,7.84
94.8,95.69,96.3,96.82,97.26,97.59,97.83,-1.82,-2.17,-2.41,-2.54,-2.52,-2.45,93.28,-1.64,-1.64,-1.64,824.75,826.75,538.75,530.5,810.75,810.5,7.86,6.1,8.13,95.8,96.79,97.42,98.0,98.46,98.82,99.08,-1.74,-2.06,-2.27,-2.36,-2.36,-2.27,94.195,-1.75,-1.75,-1.75,834.5,836.0,538.25,534.75,822.5,822.0,7.86,5.87,8.13,95.25,96.66,97.32,97.89,98.37,98.74,99.03,-1.79,-2.09,-2.3,-2.4,-2.35,-2.24,93.895,-1.75,-1.65,-1.65,830.75,832.25,538.5,533.75,817.75,818.75,7.86,5.87,7.84,95.465,96.84,97.5,98.08,98.57,98.97,99.29,-1.77,-2.11,-2.3,-2.39,-2.38,-2.25,94.085,-1.71,-1.65,-1.65,831.25,832.25,539.25,534.75,819.5,821.25,7.86,5.87,7.26,94.585,96.04,96.73,97.36,97.87,98.29,98.61,-1.67,-2.03,-2.22,-2.31,-2.31,-2.09,93.165,-1.85,-1.81,-1.7,822.5,824.25,536.0,531.75,821.0,822.75,7.86,5.87,6.68
